{
  "final_axis": {
    "raxis_cc": [
      6.039384769904101
    ],
    "zaxis_cs": [
      0.0
    ],
    "raxis_cs": [
      0.0
    ],
    "zaxis_cc": [
      0.0782953093111068
    ]
  },
  "convergence": {
    "fsqr": 9.736039444554676e-12,
    "fsqz": 8.48477552102484e-12,
    "fsql": 3.498115964585107e-13
  },
  "equilibrium": {
    "aspect": 10.100000000000003,
    "volume": 43.063057922833096,
    "wmhd": 15.300288664000133,
    "betatotal": 0.0,
    "betapol": 0.0,
    "betator": 0.0,
    "iotaf": [
      0.9,
      0.859375,
      0.8187500000000001,
      0.778125,
      0.7375,
      0.6968749999999999,
      0.65625,
      0.6156250000000001,
      0.575,
      0.534375,
      0.49375,
      0.453125,
      0.4125,
      0.371875,
      0.33125000000000004,
      0.290625,
      0.2499999999999999
    ]
  },
  "fourier_modes": {
    "mnmax": 5,
    "xm": [
      0.0,
      1.0,
      2.0,
      3.0,
      4.0
    ],
    "xn": [
      0.0,
      0.0,
      0.0,
      0.0,
      0.0
    ]
  },
  "asymmetric_coefficients": {
    "rmnc": [
      [
        6.039384769904101,
        0.0,
        0.0,
        0.0,
        0.0
      ],
      [
        6.0362235779372435,
        0.18765892519263386,
        0.0051368908373692875,
        0.00029974313478577666,
        -7.974354608963361e-05
      ],
      [
        6.0331985311093455,
        0.2656309525480452,
        0.010331335429484,
        0.000672663757707519,
        -0.0003453480423852732
      ],
      [
        6.0302760897826975,
        0.32590177316903174,
        0.01554143303017943,
        0.0010361991946190117,
        -0.00051220359991009
      ],
      [
        6.027478180789681,
        0.3772034220763662,
        0.020783744331926708,
        0.0013849189433565402,
        -0.0006650289342717453
      ],
      [
        6.024818336630709,
        0.4229079133982021,
        0.02606959405777657,
        0.0017191210737113438,
        -0.0008046299566933932
      ],
      [
        6.022307159516523,
        0.46475100949729997,
        0.03141179588673039,
        0.002034538100833449,
        -0.0009296292988122918
      ],
      [
        6.019951570423837,
        0.5037778608029665,
        0.03682697588155225,
        0.0023226312122044232,
        -0.0010375344175026688
      ],
      [
        6.017753567037869,
        0.5406874848924177,
        0.04233684018668825,
        0.002570945584147928,
        -0.0011246873584885668
      ],
      [
        6.015707955469555,
        0.5759867532006945,
        0.04796954269963765,
        0.0027631304971358845,
        -0.0011861041581130991
      ],
      [
        6.013798410371199,
        0.6100687240630132,
        0.05376144098304144,
        0.0028786094238168842,
        -0.0012152212766153559
      ],
      [
        6.0119907654389575,
        0.6432563219487648,
        0.05975966094330787,
        0.0028919272164338685,
        -0.0012035378457653737
      ],
      [
        6.010222261022338,
        0.6758292453400739,
        0.06602607619255951,
        0.0027716965265463024,
        -0.0011400691891234138
      ],
      [
        6.008384490708871,
        0.7080421782148003,
        0.0726435868371027,
        0.002478994572179497,
        -0.0010105371757415306
      ],
      [
        6.006296141313747,
        0.7401387592211532,
        0.07972618186634756,
        0.001964924149350917,
        -0.0007961319805689524
      ],
      [
        6.0036588045345916,
        0.7723651085121317,
        0.08743528464877835,
        0.0011667847484329076,
        -0.00047153685772768466
      ],
      [
        6.0,
        0.8049844718999241,
        0.09599999999999997,
        0.0,
        0.0
      ]
    ],
    "zmns": [
      [
        0.0,
        0.0,
        0.0,
        0.0,
        0.0
      ],
      [
        0.0,
        0.1299691530810543,
        0.0014930421441173055,
        -0.0002016659484226359,
        -5.365673209434598e-05
      ],
      [
        0.0,
        0.18385157848097466,
        0.0028034162805328513,
        -0.0005401570926968648,
        -0.0002360731520099361
      ],
      [
        0.0,
        0.22521977001564797,
        0.00402881266217153,
        -0.0008500254148805119,
        -0.00033112641235753305
      ],
      [
        0.0,
        0.26011951302236946,
        0.005140028121254883,
        -0.0011492332329658438,
        -0.00040948308868031633
      ],
      [
        0.0,
        0.29090696594890536,
        0.006121435540906624,
        -0.001437164100699483,
        -0.0004720649094025917
      ],
      [
        0.0,
        0.3188030603847768,
        0.00695565679956662,
        -0.0017095270879114966,
        -0.0005182137975899004
      ],
      [
        0.0,
        0.3445459760697404,
        0.007622373389027684,
        -0.001958796860466944,
        -0.0005471095340956909
      ],
      [
        0.0,
        0.3686317532167763,
        0.00809742333577036,
        -0.0021742814132709653,
        -0.0005579803059330754
      ],
      [
        0.0,
        0.3914227827309081,
        0.008352002270844204,
        -0.0023419440006855856,
        -0.0005501768723876016
      ],
      [
        0.0,
        0.4132051456446799,
        0.008351749340450776,
        -0.002444021177533669,
        -0.000523241575430933
      ],
      [
        0.0,
        0.43422392092654233,
        0.008055647062147005,
        -0.0024584388144847508,
        -0.0004770158338101943
      ],
      [
        0.0,
        0.45470826134894027,
        0.0074145186710934076,
        -0.00235792161874459,
        -0.0004117999993317717
      ],
      [
        0.0,
        0.4748933762422615,
        0.006368920864052435,
        -0.002108756089755296,
        -0.0003285860945615717
      ],
      [
        0.0,
        0.4950450398063081,
        0.004846133311276552,
        -0.0016691632881648871,
        -0.0002294287311658905
      ],
      [
        0.0,
        0.5154917091169211,
        0.0027564266225005886,
        -0.0009872770621320987,
        -0.00011802531483266692
      ],
      [
        0.0,
        0.5366563145999494,
        0.0,
        0.0,
        0.0
      ]
    ],